Workbook

Sheet Sheet1
B2: Instance | C2: Uncapacitated Objective | D2: Time (s) | E2: Iterations | F2: Capacitated Objective | G2: Extra Time (s) | H2: Feasible Routes | I2: Infeasible Routes | J2: Total | L2: Instance | M2: Avg Time | O2: Instance | P2: Avg Number of Valid Routes | Q2: Avg Number of Infeasible Routes | S2: Nodes | T2: Median Routes Checked
B3: l_4_25_1 | C3: 4585.85 | D3: 0.29 | E3: 0 | F3: 4585.85 | G3: 0 | H3: 41 | I3: 28 | J3: =H3+I3 -> 69 | L3: {=LEFT(INDEX($B:$B, ROW($B$3) + (ROW()-ROW($G$3))*5), LEN(INDEX($B:$B, ROW($B$3) + (ROW()-ROW($G$3))*5))-2)} -> l_4_25 | M3: =ROUND(AVERAGE(OFFSET($D$3,(ROW()-ROW($O$3))*5,0,5,1)),1) -> 0.9 | O3: {=LEFT(INDEX($B:$B, ROW($B$3) + (ROW()-ROW($G$3))*5), LEN(INDEX($B:$B, ROW($B$3) + (ROW()-ROW($G$3))*5))-2)} -> l_4_25 | P3: =AVERAGE(OFFSET($H$3,(ROW()-ROW($O$3))*5,0,5,1)) -> 75.6 | Q3: =ROUND(AVERAGE(OFFSET($I$3,(ROW()-ROW($O$3))*5,0,5,1)),2) -> 30.6 | S3: 25 | T3: {=MEDIAN(_xlfn._xlws.FILTER($J$1:$J$122,ISNUMBER(SEARCH(INDIRECT("RC[-1]",0),$B$1:$B$122))))} -> 52
B4: l_4_25_2 | C4: 4017.93 | D4: 1.41 | E4: 0 | F4: 4017.93 | G4: 0 | H4: 119 | I4: 31 | J4: =H4+I4 -> 150 | L4: {=LEFT(INDEX($B:$B, ROW($B$3) + (ROW()-ROW($G$3))*5), LEN(INDEX($B:$B, ROW($B$3) + (ROW()-ROW($G$3))*5))-2)} -> l_4_35 | M4: =ROUND(AVERAGE(OFFSET($D$3,(ROW()-ROW($O$3))*5,0,5,1)),1) -> 2.6 | O4: {=LEFT(INDEX($B:$B, ROW($B$3) + (ROW()-ROW($G$3))*5), LEN(INDEX($B:$B, ROW($B$3) + (ROW()-ROW($G$3))*5))-2)} -> l_4_35 | P4: =AVERAGE(OFFSET($H$3,(ROW()-ROW($O$3))*5,0,5,1)) -> 204.8 | Q4: =ROUND(AVERAGE(OFFSET($I$3,(ROW()-ROW($O$3))*5,0,5,1)),2) -> 108.4 | S4: 35 | T4: {=MEDIAN(_xlfn._xlws.FILTER($J$1:$J$122,ISNUMBER(SEARCH(INDIRECT("RC[-1]",0),$B$1:$B$122))))} -> 92.5
B5: l_4_25_3 | C5: 4713.75 | D5: 0.66 | E5: 0 | F5: 4713.75 | G5: 0 | H5: 43 | I5: 22 | J5: =H5+I5 -> 65 | L5: {=LEFT(INDEX($B:$B, ROW($B$3) + (ROW()-ROW($G$3))*5), LEN(INDEX($B:$B, ROW($B$3) + (ROW()-ROW($G$3))*5))-2)} -> l_4_50 | M5: =ROUND(AVERAGE(OFFSET($D$3,(ROW()-ROW($O$3))*5,0,5,1)),1) -> 7.8 | O5: {=LEFT(INDEX($B:$B, ROW($B$3) + (ROW()-ROW($G$3))*5), LEN(INDEX($B:$B, ROW($B$3) + (ROW()-ROW($G$3))*5))-2)} -> l_4_50 | P5: =AVERAGE(OFFSET($H$3,(ROW()-ROW($O$3))*5,0,5,1)) -> 565.2 | Q5: =ROUND(AVERAGE(OFFSET($I$3,(ROW()-ROW($O$3))*5,0,5,1)),2) -> 341 | S5: 50 | T5: {=MEDIAN(_xlfn._xlws.FILTER($J$1:$J$122,ISNUMBER(SEARCH(INDIRECT("RC[-1]",0),$B$1:$B$122))))} -> 305.5
B6: l_4_25_4 | C6: 3872.6 | D6: 0.58 | E6: 0 | F6: 3872.6 | G6: 0 | H6: 77 | I6: 36 | J6: =H6+I6 -> 113 | L6: {=LEFT(INDEX($B:$B, ROW($B$3) + (ROW()-ROW($G$3))*5), LEN(INDEX($B:$B, ROW($B$3) + (ROW()-ROW($G$3))*5))-2)} -> l_4_100 | M6: =ROUND(AVERAGE(OFFSET($D$3,(ROW()-ROW($O$3))*5,0,5,1)),1) -> 264.1 | O6: {=LEFT(INDEX($B:$B, ROW($B$3) + (ROW()-ROW($G$3))*5), LEN(INDEX($B:$B, ROW($B$3) + (ROW()-ROW($G$3))*5))-2)} -> l_4_100 | P6: =AVERAGE(OFFSET($H$3,(ROW()-ROW($O$3))*5,0,5,1)) -> 12148.8 | Q6: =ROUND(AVERAGE(OFFSET($I$3,(ROW()-ROW($O$3))*5,0,5,1)),2) -> 6317 | S6: 100 | T6: {=MEDIAN(_xlfn._xlws.FILTER($J$1:$J$122,ISNUMBER(SEARCH(INDIRECT("RC[-1]",0),$B$1:$B$122))))} -> 3413.5
B7: l_4_25_5 | C7: 3397.66 | D7: 1.65 | E7: 0 | F7: 3397.66 | G7: 0 | H7: 98 | I7: 36 | J7: =H7+I7 -> 134 | L7: {=LEFT(INDEX($B:$B, ROW($B$3) + (ROW()-ROW($G$3))*5), LEN(INDEX($B:$B, ROW($B$3) + (ROW()-ROW($G$3))*5))-2)} -> l_8_25 | M7: =ROUND(AVERAGE(OFFSET($D$3,(ROW()-ROW($O$3))*5,0,5,1)),1) -> 0.4 | O7: {=LEFT(INDEX($B:$B, ROW($B$3) + (ROW()-ROW($G$3))*5), LEN(INDEX($B:$B, ROW($B$3) + (ROW()-ROW($G$3))*5))-2)} -> l_8_25 | P7: =AVERAGE(OFFSET($H$3,(ROW()-ROW($O$3))*5,0,5,1)) -> 19 | Q7: =ROUND(AVERAGE(OFFSET($I$3,(ROW()-ROW($O$3))*5,0,5,1)),2) -> 8.8
B8: l_4_35_1 | C8: 5791.61 | D8: 2.02 | E8: 0 | F8: 5791.61 | G8: 0 | H8: 156 | I8: 98 | J8: =H8+I8 -> 254 | L8: {=LEFT(INDEX($B:$B, ROW($B$3) + (ROW()-ROW($G$3))*5), LEN(INDEX($B:$B, ROW($B$3) + (ROW()-ROW($G$3))*5))-2)} -> l_8_35 | M8: =ROUND(AVERAGE(OFFSET($D$3,(ROW()-ROW($O$3))*5,0,5,1)),1) -> 0.6 | O8: {=LEFT(INDEX($B:$B, ROW($B$3) + (ROW()-ROW($G$3))*5), LEN(INDEX($B:$B, ROW($B$3) + (ROW()-ROW($G$3))*5))-2)} -> l_8_35 | P8: =AVERAGE(OFFSET($H$3,(ROW()-ROW($O$3))*5,0,5,1)) -> 20.8 | Q8: =ROUND(AVERAGE(OFFSET($I$3,(ROW()-ROW($O$3))*5,0,5,1)),2) -> 15.8 | S8: Req Len | T8: Median Routes Checked
B9: l_4_35_2 | C9: 5470.93 | D9: 1.14 | E9: 0 | F9: 5470.93 | G9: 0 | H9: 83 | I9: 57 | J9: =H9+I9 -> 140 | L9: {=LEFT(INDEX($B:$B, ROW($B$3) + (ROW()-ROW($G$3))*5), LEN(INDEX($B:$B, ROW($B$3) + (ROW()-ROW($G$3))*5))-2)} -> l_8_50 | M9: =ROUND(AVERAGE(OFFSET($D$3,(ROW()-ROW($O$3))*5,0,5,1)),1) -> 1.8 | O9: {=LEFT(INDEX($B:$B, ROW($B$3) + (ROW()-ROW($G$3))*5), LEN(INDEX($B:$B, ROW($B$3) + (ROW()-ROW($G$3))*5))-2)} -> l_8_50 | P9: =AVERAGE(OFFSET($H$3,(ROW()-ROW($O$3))*5,0,5,1)) -> 59.6 | Q9: =ROUND(AVERAGE(OFFSET($I$3,(ROW()-ROW($O$3))*5,0,5,1)),2) -> 49.2 | S9: 4 | T9: {=MEDIAN(_xlfn._xlws.FILTER($J$1:$J$122,ISNUMBER(SEARCH(INDIRECT("RC[-1]",0),$B$1:$B$122))))} -> 378.5
B10: l_4_35_3 | C10: 5387.35 | D10: 3.19 | E10: 0 | F10: 5387.35 | G10: 0 | H10: 227 | I10: 163 | J10: =H10+I10 -> 390 | L10: {=LEFT(INDEX($B:$B, ROW($B$3) + (ROW()-ROW($G$3))*5), LEN(INDEX($B:$B, ROW($B$3) + (ROW()-ROW($G$3))*5))-2)} -> l_8_100 | M10: =ROUND(AVERAGE(OFFSET($D$3,(ROW()-ROW($O$3))*5,0,5,1)),1) -> 10.8 | O10: {=LEFT(INDEX($B:$B, ROW($B$3) + (ROW()-ROW($G$3))*5), LEN(INDEX($B:$B, ROW($B$3) + (ROW()-ROW($G$3))*5))-2)} -> l_8_100 | P10: =AVERAGE(OFFSET($H$3,(ROW()-ROW($O$3))*5,0,5,1)) -> 293 | Q10: =ROUND(AVERAGE(OFFSET($I$3,(ROW()-ROW($O$3))*5,0,5,1)),2) -> 328.8 | S10: 8 | T10: {=MEDIAN(_xlfn._xlws.FILTER($J$1:$J$122,ISNUMBER(SEARCH(INDIRECT("RC[-1]",0),$B$1:$B$122))))} -> 65.5
B11: l_4_35_4 | C11: 6257.5 | D11: 2.47 | E11: 0 | F11: 6257.5 | G11: 0 | H11: 204 | I11: 111 | J11: =H11+I11 -> 315 | L11: {=LEFT(INDEX($B:$B, ROW($B$3) + (ROW()-ROW($G$3))*5), LEN(INDEX($B:$B, ROW($B$3) + (ROW()-ROW($G$3))*5))-2)} -> n_4_25 | M11: =ROUND(AVERAGE(OFFSET($D$3,(ROW()-ROW($O$3))*5,0,5,1)),1) -> 0.2 | O11: {=LEFT(INDEX($B:$B, ROW($B$3) + (ROW()-ROW($G$3))*5), LEN(INDEX($B:$B, ROW($B$3) + (ROW()-ROW($G$3))*5))-2)} -> n_4_25 | P11: =AVERAGE(OFFSET($H$3,(ROW()-ROW($O$3))*5,0,5,1)) -> 36.2 | Q11: =ROUND(AVERAGE(OFFSET($I$3,(ROW()-ROW($O$3))*5,0,5,1)),2) -> 23.8
B12: l_4_35_5 | C12: 5368.02 | D12: 4.37 | E12: 0 | F12: 5368.02 | G12: 0 | H12: 354 | I12: 113 | J12: =H12+I12 -> 467 | L12: {=LEFT(INDEX($B:$B, ROW($B$3) + (ROW()-ROW($G$3))*5), LEN(INDEX($B:$B, ROW($B$3) + (ROW()-ROW($G$3))*5))-2)} -> n_4_35 | M12: =ROUND(AVERAGE(OFFSET($D$3,(ROW()-ROW($O$3))*5,0,5,1)),1) -> 0.3 | O12: {=LEFT(INDEX($B:$B, ROW($B$3) + (ROW()-ROW($G$3))*5), LEN(INDEX($B:$B, ROW($B$3) + (ROW()-ROW($G$3))*5))-2)} -> n_4_35 | P12: =AVERAGE(OFFSET($H$3,(ROW()-ROW($O$3))*5,0,5,1)) -> 55.6 | Q12: =ROUND(AVERAGE(OFFSET($I$3,(ROW()-ROW($O$3))*5,0,5,1)),2) -> 50.6 | S12: Size | T12: Median Routes Checked
B13: l_4_50_1 | C13: 7351.58 | D13: 4.57 | E13: 0 | F13: 7351.58 | G13: 0 | H13: 310 | I13: 248 | J13: =H13+I13 -> 558 | L13: {=LEFT(INDEX($B:$B, ROW($B$3) + (ROW()-ROW($G$3))*5), LEN(INDEX($B:$B, ROW($B$3) + (ROW()-ROW($G$3))*5))-2)} -> n_4_50 | M13: =ROUND(AVERAGE(OFFSET($D$3,(ROW()-ROW($O$3))*5,0,5,1)),1) -> 1 | O13: {=LEFT(INDEX($B:$B, ROW($B$3) + (ROW()-ROW($G$3))*5), LEN(INDEX($B:$B, ROW($B$3) + (ROW()-ROW($G$3))*5))-2)} -> n_4_50 | P13: =AVERAGE(OFFSET($H$3,(ROW()-ROW($O$3))*5,0,5,1)) -> 164.4 | Q13: =ROUND(AVERAGE(OFFSET($I$3,(ROW()-ROW($O$3))*5,0,5,1)),2) -> 136.2 | S13: n | T13: {=MEDIAN(_xlfn._xlws.FILTER($J$1:$J$122,ISNUMBER(SEARCH(INDIRECT("RC[-1]",0),$B$1:$B$122))))} -> 91.5
B14: l_4_50_2 | C14: 7253.39 | D14: 9.35 | E14: 0 | F14: 7253.39 | G14: 0 | H14: 835 | I14: 340 | J14: =H14+I14 -> 1175 | L14: {=LEFT(INDEX($B:$B, ROW($B$3) + (ROW()-ROW($G$3))*5), LEN(INDEX($B:$B, ROW($B$3) + (ROW()-ROW($G$3))*5))-2)} -> n_4_100 | M14: =ROUND(AVERAGE(OFFSET($D$3,(ROW()-ROW($O$3))*5,0,5,1)),1) -> 17.5 | O14: {=LEFT(INDEX($B:$B, ROW($B$3) + (ROW()-ROW($G$3))*5), LEN(INDEX($B:$B, ROW($B$3) + (ROW()-ROW($G$3))*5))-2)} -> n_4_100 | P14: =AVERAGE(OFFSET($H$3,(ROW()-ROW($O$3))*5,0,5,1)) -> 2062.6 | Q14: =ROUND(AVERAGE(OFFSET($I$3,(ROW()-ROW($O$3))*5,0,5,1)),2) -> 1208.4 | S14: l | T14: {=MEDIAN(_xlfn._xlws.FILTER($J$1:$J$122,ISNUMBER(SEARCH(INDIRECT("RC[-1]",0),$B$1:$B$122))))} -> 169
B15: l_4_50_3 | C15: 7485.02 | D15: 10.62 | E15: 0 | F15: 7485.02 | G15: 0 | H15: 483 | I15: 337 | J15: =H15+I15 -> 820 | L15: {=LEFT(INDEX($B:$B, ROW($B$3) + (ROW()-ROW($G$3))*5), LEN(INDEX($B:$B, ROW($B$3) + (ROW()-ROW($G$3))*5))-2)} -> n_8_25 | M15: =ROUND(AVERAGE(OFFSET($D$3,(ROW()-ROW($O$3))*5,0,5,1)),1) -> 0.1 | O15: {=LEFT(INDEX($B:$B, ROW($B$3) + (ROW()-ROW($G$3))*5), LEN(INDEX($B:$B, ROW($B$3) + (ROW()-ROW($G$3))*5))-2)} -> n_8_25 | P15: =AVERAGE(OFFSET($H$3,(ROW()-ROW($O$3))*5,0,5,1)) -> 13.4 | Q15: =ROUND(AVERAGE(OFFSET($I$3,(ROW()-ROW($O$3))*5,0,5,1)),2) -> 10.4 | S15: w | T15: {=MEDIAN(_xlfn._xlws.FILTER($J$1:$J$122,ISNUMBER(SEARCH(INDIRECT("RC[-1]",0),$B$1:$B$122))))} -> 959
B16: l_4_50_4 | C16: 6604.94 | D16: 8.2 | E16: 0 | F16: 6604.94 | G16: 0 | H16: 728 | I16: 490 | J16: =H16+I16 -> 1218 | L16: {=LEFT(INDEX($B:$B, ROW($B$3) + (ROW()-ROW($G$3))*5), LEN(INDEX($B:$B, ROW($B$3) + (ROW()-ROW($G$3))*5))-2)} -> n_8_35 | M16: =ROUND(AVERAGE(OFFSET($D$3,(ROW()-ROW($O$3))*5,0,5,1)),1) -> 0.2 | O16: {=LEFT(INDEX($B:$B, ROW($B$3) + (ROW()-ROW($G$3))*5), LEN(INDEX($B:$B, ROW($B$3) + (ROW()-ROW($G$3))*5))-2)} -> n_8_35 | P16: =AVERAGE(OFFSET($H$3,(ROW()-ROW($O$3))*5,0,5,1)) -> 15.4 | Q16: =ROUND(AVERAGE(OFFSET($I$3,(ROW()-ROW($O$3))*5,0,5,1)),2) -> 20.2
B17: l_4_50_5 | C17: 7370.88 | D17: 6.27 | E17: 0 | F17: 7370.88 | G17: 0 | H17: 470 | I17: 290 | J17: =H17+I17 -> 760 | L17: {=LEFT(INDEX($B:$B, ROW($B$3) + (ROW()-ROW($G$3))*5), LEN(INDEX($B:$B, ROW($B$3) + (ROW()-ROW($G$3))*5))-2)} -> n_8_50 | M17: =ROUND(AVERAGE(OFFSET($D$3,(ROW()-ROW($O$3))*5,0,5,1)),1) -> 0.4 | O17: {=LEFT(INDEX($B:$B, ROW($B$3) + (ROW()-ROW($G$3))*5), LEN(INDEX($B:$B, ROW($B$3) + (ROW()-ROW($G$3))*5))-2)} -> n_8_50 | P17: =AVERAGE(OFFSET($H$3,(ROW()-ROW($O$3))*5,0,5,1)) -> 31.4 | Q17: =ROUND(AVERAGE(OFFSET($I$3,(ROW()-ROW($O$3))*5,0,5,1)),2) -> 44.2
B18: l_4_100_1 | C18: 11458.17 | D18: 124.82 | E18: 1 | F18: 11462.64 | G18: 0.31 | H18: 7332 | I18: 5774 | J18: =H18+I18 -> 13106 | L18: {=LEFT(INDEX($B:$B, ROW($B$3) + (ROW()-ROW($G$3))*5), LEN(INDEX($B:$B, ROW($B$3) + (ROW()-ROW($G$3))*5))-2)} -> n_8_100 | M18: =ROUND(AVERAGE(OFFSET($D$3,(ROW()-ROW($O$3))*5,0,5,1)),1) -> 1.6 | O18: {=LEFT(INDEX($B:$B, ROW($B$3) + (ROW()-ROW($G$3))*5), LEN(INDEX($B:$B, ROW($B$3) + (ROW()-ROW($G$3))*5))-2)} -> n_8_100 | P18: =AVERAGE(OFFSET($H$3,(ROW()-ROW($O$3))*5,0,5,1)) -> 100.4 | Q18: =ROUND(AVERAGE(OFFSET($I$3,(ROW()-ROW($O$3))*5,0,5,1)),2) -> 203.8
B19: l_4_100_2 | C19: 12856.6 | D19: 521.37 | E19: 0 | F19: 12856.6 | G19: 0 | H19: 21801 | I19: 9895 | J19: =H19+I19 -> 31696 | L19: {=LEFT(INDEX($B:$B, ROW($B$3) + (ROW()-ROW($G$3))*5), LEN(INDEX($B:$B, ROW($B$3) + (ROW()-ROW($G$3))*5))-2)} -> w_4_25 | M19: =ROUND(AVERAGE(OFFSET($D$3,(ROW()-ROW($O$3))*5,0,5,1)),1) -> 2.6 | O19: {=LEFT(INDEX($B:$B, ROW($B$3) + (ROW()-ROW($G$3))*5), LEN(INDEX($B:$B, ROW($B$3) + (ROW()-ROW($G$3))*5))-2)} -> w_4_25 | P19: =AVERAGE(OFFSET($H$3,(ROW()-ROW($O$3))*5,0,5,1)) -> 256.8 | Q19: =ROUND(AVERAGE(OFFSET($I$3,(ROW()-ROW($O$3))*5,0,5,1)),2) -> 33
B20: l_4_100_3 | C20: 12966.97 | D20: 72.99 | E20: 0 | F20: 12966.97 | G20: 0 | H20: 3041 | I20: 2780 | J20: =H20+I20 -> 5821 | L20: {=LEFT(INDEX($B:$B, ROW($B$3) + (ROW()-ROW($G$3))*5), LEN(INDEX($B:$B, ROW($B$3) + (ROW()-ROW($G$3))*5))-2)} -> w_4_35 | M20: =ROUND(AVERAGE(OFFSET($D$3,(ROW()-ROW($O$3))*5,0,5,1)),1) -> 10.9 | O20: {=LEFT(INDEX($B:$B, ROW($B$3) + (ROW()-ROW($G$3))*5), LEN(INDEX($B:$B, ROW($B$3) + (ROW()-ROW($G$3))*5))-2)} -> w_4_35 | P20: =AVERAGE(OFFSET($H$3,(ROW()-ROW($O$3))*5,0,5,1)) -> 1611.8 | Q20: =ROUND(AVERAGE(OFFSET($I$3,(ROW()-ROW($O$3))*5,0,5,1)),2) -> 362.2
B21: l_4_100_4 | C21: 11111.41 | D21: 371.32 | E21: 1 | F21: 11139.38 | G21: 0.63 | H21: 18444 | I21: 7283 | J21: =H21+I21 -> 25727 | L21: {=LEFT(INDEX($B:$B, ROW($B$3) + (ROW()-ROW($G$3))*5), LEN(INDEX($B:$B, ROW($B$3) + (ROW()-ROW($G$3))*5))-2)} -> w_4_50 | M21: =ROUND(AVERAGE(OFFSET($D$3,(ROW()-ROW($O$3))*5,0,5,1)),1) -> 55.9 | O21: {=LEFT(INDEX($B:$B, ROW($B$3) + (ROW()-ROW($G$3))*5), LEN(INDEX($B:$B, ROW($B$3) + (ROW()-ROW($G$3))*5))-2)} -> w_4_50 | P21: =AVERAGE(OFFSET($H$3,(ROW()-ROW($O$3))*5,0,5,1)) -> 7853.2 | Q21: =ROUND(AVERAGE(OFFSET($I$3,(ROW()-ROW($O$3))*5,0,5,1)),2) -> 2496
B22: l_4_100_5 | C22: 11906.54 | D22: 230.04 | E22: 5 | F22: 12136.52 | G22: 1.43 | H22: 10126 | I22: 5853 | J22: =H22+I22 -> 15979 | L22: {=LEFT(INDEX($B:$B, ROW($B$3) + (ROW()-ROW($G$3))*5), LEN(INDEX($B:$B, ROW($B$3) + (ROW()-ROW($G$3))*5))-2)} -> w_4_100 | M22: =ROUND(D100,1) -> 1082.2 | O22: {=LEFT(INDEX($B:$B, ROW($B$3) + (ROW()-ROW($G$3))*5), LEN(INDEX($B:$B, ROW($B$3) + (ROW()-ROW($G$3))*5))-2)} -> w_4_100 | P22: =AVERAGE(OFFSET($H$3,(ROW()-ROW($O$3))*5,0,5,1)) -> 765990.4 | Q22: =ROUND(AVERAGE(OFFSET($I$3,(ROW()-ROW($O$3))*5,0,5,1)),2) -> 318328.4
B23: l_8_25_1 | C23: 3681.02 | D23: 0.36 | E23: 0 | F23: 3681.02 | G23: 0 | H23: 22 | I23: 7 | J23: =H23+I23 -> 29 | L23: {=LEFT(INDEX($B:$B, ROW($B$3) + (ROW()-ROW($G$3))*5), LEN(INDEX($B:$B, ROW($B$3) + (ROW()-ROW($G$3))*5))-2)} -> w_8_25 | M23: =ROUND(AVERAGE(OFFSET($D$3,(ROW()-ROW($O$3))*5,0,5,1)),1) -> 0.5 | O23: {=LEFT(INDEX($B:$B, ROW($B$3) + (ROW()-ROW($G$3))*5), LEN(INDEX($B:$B, ROW($B$3) + (ROW()-ROW($G$3))*5))-2)} -> w_8_25 | P23: =AVERAGE(OFFSET($H$3,(ROW()-ROW($O$3))*5,0,5,1)) -> 43 | Q23: =ROUND(AVERAGE(OFFSET($I$3,(ROW()-ROW($O$3))*5,0,5,1)),2) -> 6.4
B24: l_8_25_2 | C24: 4195.28 | D24: 0.26 | E24: 0 | F24: 4195.28 | G24: 0 | H24: 12 | I24: 5 | J24: =H24+I24 -> 17 | L24: {=LEFT(INDEX($B:$B, ROW($B$3) + (ROW()-ROW($G$3))*5), LEN(INDEX($B:$B, ROW($B$3) + (ROW()-ROW($G$3))*5))-2)} -> w_8_35 | M24: =ROUND(AVERAGE(OFFSET($D$3,(ROW()-ROW($O$3))*5,0,5,1)),1) -> 0.9 | O24: {=LEFT(INDEX($B:$B, ROW($B$3) + (ROW()-ROW($G$3))*5), LEN(INDEX($B:$B, ROW($B$3) + (ROW()-ROW($G$3))*5))-2)} -> w_8_35 | P24: =AVERAGE(OFFSET($H$3,(ROW()-ROW($O$3))*5,0,5,1)) -> 60.8 | Q24: =ROUND(AVERAGE(OFFSET($I$3,(ROW()-ROW($O$3))*5,0,5,1)),2) -> 21.6
B25: l_8_25_3 | C25: 3976.11 | D25: 1.19 | E25: 0 | F25: 3976.11 | G25: 0 | H25: 35 | I25: 13 | J25: =H25+I25 -> 48 | L25: {=LEFT(INDEX($B:$B, ROW($B$3) + (ROW()-ROW($G$3))*5), LEN(INDEX($B:$B, ROW($B$3) + (ROW()-ROW($G$3))*5))-2)} -> w_8_50 | M25: =ROUND(AVERAGE(OFFSET($D$3,(ROW()-ROW($O$3))*5,0,5,1)),1) -> 5 | O25: {=LEFT(INDEX($B:$B, ROW($B$3) + (ROW()-ROW($G$3))*5), LEN(INDEX($B:$B, ROW($B$3) + (ROW()-ROW($G$3))*5))-2)} -> w_8_50 | P25: =AVERAGE(OFFSET($H$3,(ROW()-ROW($O$3))*5,0,5,1)) -> 293.6 | Q25: =ROUND(AVERAGE(OFFSET($I$3,(ROW()-ROW($O$3))*5,0,5,1)),2) -> 107.6
B26: l_8_25_4 | C26: 4130.91 | D26: 0.17 | E26: 0 | F26: 4130.91 | G26: 0 | H26: 15 | I26: 9 | J26: =H26+I26 -> 24 | L26: {=LEFT(INDEX($B:$B, ROW($B$3) + (ROW()-ROW($G$3))*5), LEN(INDEX($B:$B, ROW($B$3) + (ROW()-ROW($G$3))*5))-2)} -> w_8_100 | M26: =ROUND(AVERAGE(OFFSET($D$3,(ROW()-ROW($O$3))*5,0,5,1)),1) -> 85.3 | O26: {=LEFT(INDEX($B:$B, ROW($B$3) + (ROW()-ROW($G$3))*5), LEN(INDEX($B:$B, ROW($B$3) + (ROW()-ROW($G$3))*5))-2)} -> w_8_100 | P26: =AVERAGE(OFFSET($H$3,(ROW()-ROW($O$3))*5,0,5,1)) -> 3953.4 | Q26: =ROUND(AVERAGE(OFFSET($I$3,(ROW()-ROW($O$3))*5,0,5,1)),2) -> 2499.2
B27: l_8_25_5 | C27: 6136.95 | D27: 0.21 | E27: 0 | F27: 6136.95 | G27: 0 | H27: 11 | I27: 10 | J27: =H27+I27 -> 21
B28: l_8_35_1 | C28: 5758.68 | D28: 0.52 | E28: 0 | F28: 5758.68 | G28: 0 | H28: 24 | I28: 21 | J28: =H28+I28 -> 45
B29: l_8_35_2 | C29: 5832.2 | D29: 0.32 | E29: 0 | F29: 5832.2 | G29: 0 | H29: 16 | I29: 16 | J29: =H29+I29 -> 32
B30: l_8_35_3 | C30: 5656.36 | D30: 1.04 | E30: 0 | F30: 5656.36 | G30: 0 | H30: 23 | I30: 13 | J30: =H30+I30 -> 36
B31: l_8_35_4 | C31: 5597.22 | D31: 0.81 | E31: 0 | F31: 5597.22 | G31: 0 | H31: 33 | I31: 16 | J31: =H31+I31 -> 49 | L31: Instance type | M31: # Corrected | N31: Avg Iters | O31: Avg Extra Time
B32: l_8_35_5 | C32: 6693.24 | D32: 0.36 | E32: 0 | F32: 6693.24 | G32: 0 | H32: 8 | I32: 13 | J32: =H32+I32 -> 21 | L32: l_4_100 | M32: 3 | N32: =ROUND(SUM(E18:E22)/M32,1) -> 2.3 | O32: =ROUND(SUM(G18:G22)/M32,1) -> 0.8
B33: l_8_50_1 | C33: 6221.15 | D33: 1.13 | E33: 0 | F33: 6221.15 | G33: 0 | H33: 45 | I33: 32 | J33: =H33+I33 -> 77 | L33: l_8_50 | M33: 2 | N33: =ROUND(SUM(E33:E37)/M33,2) -> 1 | O33: =ROUND(SUM(G33:G37)/M33,1) -> 0.1
B34: l_8_50_2 | C34: 8221.54 | D34: 1.25 | E34: 1 | F34: 8832.26 | G34: 0.01 | H34: 35 | I34: 36 | J34: =H34+I34 -> 71 | L34: l_8_100 | M34: 5 | N34: =ROUND(SUM(E38:E42)/$M$34,2) -> 1.6 | O34: =ROUND(SUM(G38:G42)/M34,1) -> 0.1
B35: l_8_50_3 | C35: 7071.04 | D35: 3.49 | E35: 0 | F35: 7071.04 | G35: 0 | H35: 100 | I35: 88 | J35: =H35+I35 -> 188 | L35: n_8_35 | M35: 1 | N35: =E69 -> 1 | O35: 0.1
B36: l_8_50_4 | C36: 6621.83 | D36: 1.28 | E36: 0 | F36: 6621.83 | G36: 0 | H36: 38 | I36: 38 | J36: =H36+I36 -> 76 | L36: n_8_50 | M36: 1 | N36: 1 | O36: 0.1
B37: l_8_50_5 | C37: 8650.61 | D37: 1.64 | E37: 1 | F37: 8712.62 | G37: 0.16 | H37: 80 | I37: 52 | J37: =H37+I37 -> 132 | L37: n_8_100 | M37: 1 | N37: 1 | O37: 0.1
B38: l_8_100_1 | C38: 12784.17 | D38: 11.14 | E38: 2 | F38: 13467.73 | G38: 0.17 | H38: 398 | I38: 352 | J38: =H38+I38 -> 750 | L38: w_4_35 | M38: 1 | N38: 2 | O38: 1
B39: l_8_100_2 | C39: 15043.14 | D39: 10.19 | E39: 1 | F39: 15248.09 | G39: 0.01 | H39: 162 | I39: 188 | J39: =H39+I39 -> 350 | L39: w_4_50 | M39: 1 | N39: 1 | O39: 0.5
B40: l_8_100_3 | C40: 14917.3 | D40: 9.91 | E40: 1 | F40: 14934.89 | G40: 0.06 | H40: 226 | I40: 361 | J40: =H40+I40 -> 587 | L40: w_8_25 | M40: 1 | N40: 1 | O40: 0.1
B41: l_8_100_4 | C41: 12720.69 | D41: 11.62 | E41: 2 | F41: 13715.23 | G41: 0.21 | H41: 325 | I41: 342 | J41: =H41+I41 -> 667 | L41: w_8_35 | M41: 5 | N41: =SUM(E108:E112)/M41 -> 1.4 | O41: =ROUND(SUM(G108:G112)/M41,1) -> 0.3
B42: l_8_100_5 | C42: 14109.6 | D42: 10.91 | E42: 2 | F42: 14329.82 | G42: 0.16 | H42: 354 | I42: 401 | J42: =H42+I42 -> 755 | L42: w_8_50 | M42: 5 | N42: =SUM(E113:E117)/$M42 -> 4 | O42: =ROUND(SUM(G113:G117)/$M42,1) -> 0.9
B43: n_4_25_1 | C43: 5108.86 | D43: 0.14 | E43: 0 | F43: 5108.86 | G43: 0 | H43: 24 | I43: 19 | J43: =H43+I43 -> 43 | L43: w_8_100 | M43: 5 | N43: =SUM(E118:E122)/$M43 -> 36.6 | O43: =ROUND(SUM(G118:G122)/$M43,1) -> 90.8
B44: n_4_25_2 | C44: 4550.87 | D44: 0.28 | E44: 0 | F44: 4550.87 | G44: 0 | H44: 58 | I44: 25 | J44: =H44+I44 -> 83 | L44: Total/Avg | M44: =SUM(M32:M43) -> 31
B45: n_4_25_3 | C45: 5594.93 | D45: 0.16 | E45: 0 | F45: 5594.93 | G45: 0 | H45: 20 | I45: 19 | J45: =H45+I45 -> 39 | L45: l_8_200 | M45: 5 | N45: 7 | O45: 3.3
B46: n_4_25_4 | C46: 4232.79 | D46: 0.15 | E46: 0 | F46: 4232.79 | G46: 0 | H46: 34 | I46: 32 | J46: =H46+I46 -> 66 | L46: n_4_200 | M46: 2 | N46: 1 | O46: 1.5
B47: n_4_25_5 | C47: 4186.68 | D47: 0.24 | E47: 0 | F47: 4186.68 | G47: 0 | H47: 45 | I47: 24 | J47: =H47+I47 -> 69 | L47: n_8_200 | M47: 3 | N47: 1 | O47: 0.1
B48: n_4_35_1 | C48: 5466.67 | D48: 0.4 | E48: 0 | F48: 5466.67 | G48: 0 | H48: 88 | I48: 67 | J48: =H48+I48 -> 155 | L48: Total/Avg | M48: =SUM(M45:M47) -> 10
B49: n_4_35_2 | C49: 7349.34 | D49: 0.32 | E49: 0 | F49: 7349.34 | G49: 0 | H49: 56 | I49: 56 | J49: =H49+I49 -> 112
B50: n_4_35_3 | C50: 6471.1 | D50: 0.39 | E50: 0 | F50: 6471.1 | G50: 0 | H50: 40 | I50: 35 | J50: =H50+I50 -> 75
B51: n_4_35_4 | C51: 7563.38 | D51: 0.23 | E51: 0 | F51: 7563.38 | G51: 0 | H51: 39 | I51: 46 | J51: =H51+I51 -> 85
B52: n_4_35_5 | C52: 6279.57 | D52: 0.32 | E52: 0 | F52: 6279.57 | G52: 0 | H52: 55 | I52: 49 | J52: =H52+I52 -> 104
B53: n_4_50_1 | C53: 8695.27 | D53: 0.6 | E53: 0 | F53: 8695.27 | G53: 0 | H53: 113 | I53: 123 | J53: =H53+I53 -> 236
B54: n_4_50_2 | C54: 9812.62 | D54: 1.5 | E54: 0 | F54: 9812.62 | G54: 0 | H54: 266 | I54: 139 | J54: =H54+I54 -> 405
B55: n_4_50_3 | C55: 9677.74 | D55: 1.25 | E55: 0 | F55: 9677.74 | G55: 0 | H55: 127 | I55: 129 | J55: =H55+I55 -> 256 | L55: Instance | M55: Time | N55: Avg Iters | O55: Extra Time | P55: Hours
B56: n_4_50_4 | C56: 7733.56 | D56: 0.76 | E56: 0 | F56: 7733.56 | G56: 0 | H56: 167 | I56: 152 | J56: =H56+I56 -> 319 | L56: =B98 -> w_4_100_1 | M56: =ROUND(D98,1) -> 18947.8 | N56: =E98 -> 13 | O56: =ROUND(G98,1) -> 2432.9 | P56: =(M56)/3600 -> 5.2632778
B57: n_4_50_5 | C57: 8695.94 | D57: 0.92 | E57: 0 | F57: 8695.94 | G57: 0 | H57: 149 | I57: 138 | J57: =H57+I57 -> 287 | L57: =B99 -> w_4_100_2 | M57: =ROUND(D99,1) -> 45051.2 | N57: =E99 -> 12 | O57: =ROUND(G99,1) -> 19139.1 | P57: =(M57)/3600 -> 12.514222
B58: n_4_100_1 | C58: 14515.76 | D58: 6.43 | E58: 0 | F58: 14515.76 | G58: 0 | H58: 1052 | I58: 991 | J58: =H58+I58 -> 2043 | L58: =B101 -> w_4_100_4 | M58: =ROUND(D101,1) -> 63257.3 | N58: =E101 -> 4 | O58: =ROUND(G101,1) -> 523.7 | P58: =(M58)/3600 -> 17.571472
B59: n_4_100_2 | C59: 16366.69 | D59: 40.26 | E59: 0 | F59: 16366.69 | G59: 0 | H59: 4452 | I59: 1821 | J59: =H59+I59 -> 6273 | L59: =B102 -> w_4_100_5 | M59: =ROUND(D102,1) -> 36312.4 | N59: =E102 -> 46 | O59: =ROUND(G102,1) -> 4287.4 | P59: =(M59)/3600 -> 10.086778
B60: n_4_100_3 | C60: 16137.86 | D60: 7.36 | E60: 0 | F60: 16137.86 | G60: 0 | H60: 527 | I60: 685 | J60: =H60+I60 -> 1212
B61: n_4_100_4 | C61: 14087.59 | D61: 16.48 | E61: 0 | F61: 14087.59 | G61: 0 | H61: 2323 | I61: 1185 | J61: =H61+I61 -> 3508 | L61: w_4_100_1
B62: n_4_100_5 | C62: 14967.32 | D62: 17.14 | E62: 0 | F62: 14967.32 | G62: 0 | H62: 1959 | I62: 1360 | J62: =H62+I62 -> 3319 | L62: Subset Size | M62: 2 | N62: 3 | O62: 4 | P62: 5 | Q62: 6 | R62: 7 | S62: 8 | T62: 9 | U62: 10
B63: n_8_25_1 | C63: 4410.46 | D63: 0.1 | E63: 0 | F63: 4410.46 | G63: 0 | H63: 13 | I63: 9 | J63: =H63+I63 -> 22 | L63: Gap | M63: 48.02 | N63: 34.32 | O63: 23.53 | P63: 13.87 | Q63: 6.17 | R63: 0.27 | S63: 0.15 | T63: 0 | U63: 0
B64: n_8_25_2 | C64: 4223.51 | D64: 0.14 | E64: 0 | F64: 4223.51 | G64: 0 | H64: 11 | I64: 5 | J64: =H64+I64 -> 16 | L64: Subset time | M64: 1.08 | N64: 55.35 | O64: 448.02 | P64: 2205.43 | Q64: 6113.73 | R64: 7211.83 | S64: 2656.97 | T64: 249.15 | U64: 6.23
B65: n_8_25_3 | C65: 4119.59 | D65: 0.27 | E65: 0 | F65: 4119.59 | G65: 0 | H65: 23 | I65: 16 | J65: =H65+I65 -> 39 | L65: Cumulative | M65: =SUM(M64) -> 1.08 | N65: =SUM($M$64:N64) -> 56.43 | O65: =SUM($M$64:O64) -> 504.45 | P65: =SUM($M$64:P64) -> 2709.88 | Q65: =SUM($M$64:Q64) -> 8823.61 | R65: =SUM($M$64:R64) -> 16035.44 | S65: =SUM($M$64:S64) -> 18692.41 | T65: =SUM($M$64:T64) -> 18941.56 | U65: =SUM($M$64:U64) -> 18947.79
B66: n_8_25_4 | C66: 4340.3 | D66: 0.12 | E66: 0 | F66: 4340.3 | G66: 0 | H66: 10 | I66: 11 | J66: =H66+I66 -> 21
B67: n_8_25_5 | C67: 6136.95 | D67: 0.11 | E67: 0 | F67: 6136.95 | G67: 0 | H67: 10 | I67: 11 | J67: =H67+I67 -> 21 | L67: w_4_100_2
B68: n_8_35_1 | C68: 6083.33 | D68: 0.13 | E68: 0 | F68: 6083.33 | G68: 0 | H68: 8 | I68: 20 | J68: =H68+I68 -> 28 | L68: Subset Size | M68: 2 | N68: 3 | O68: 4 | P68: 5 | Q68: 6 | R68: 7 | S68: 8 | T68: 9 | U68: 10 | V68: 11 | W68: 12
B69: n_8_35_2 | C69: 6623.03 | D69: 0.26 | E69: 1 | F69: 7059.9 | G69: 0.01 | H69: 13 | I69: 16 | J69: =H69+I69 -> 29 | L69: Gap | M69: 43.88 | N69: 29.05 | O69: 17.34 | P69: 8.43 | Q69: 2.21 | R69: 1.18 | S69: 0 | T69: 0 | U69: 0 | V69: 0 | W69: 0
B70: n_8_35_3 | C70: 6187.48 | D70: 0.25 | E70: 0 | F70: 6187.48 | G70: 0 | H70: 23 | I70: 29 | J70: =H70+I70 -> 52 | L70: Subset time | M70: 1.18 | N70: 53.56 | O70: 416.41 | P70: 1779.65 | Q70: 5573.93 | R70: 11835.94 | S70: 15138.47 | T70: 7981.57 | U70: 2044.7 | V70: 209.49 | W70: 16.29
B71: n_8_35_4 | C71: 6343.26 | D71: 0.15 | E71: 0 | F71: 6343.26 | G71: 0 | H71: 13 | I71: 15 | J71: =H71+I71 -> 28 | L71: Cumulative | M71: =M70 -> 1.18 | N71: =SUM($M70:N70) -> 54.74 | O71: =SUM($M70:O70) -> 471.15 | P71: =SUM($M70:P70) -> 2250.8 | Q71: =SUM($M70:Q70) -> 7824.73 | R71: =SUM($M70:R70) -> 19660.67 | S71: =SUM($M70:S70) -> 34799.14 | T71: =SUM($M70:U70) -> 44825.41 | U71: =SUM($M70:V70) -> 45034.9 | V71: =SUM($M70:V70) -> 45034.9 | W71: =SUM($M70:W70) -> 45051.19
B72: n_8_35_5 | C72: 6408.99 | D72: 0.23 | E72: 0 | F72: 6408.99 | G72: 0 | H72: 20 | I72: 21 | J72: =H72+I72 -> 41
B73: n_8_50_1 | C73: 7631.97 | D73: 0.24 | E73: 0 | F73: 7631.97 | G73: 0 | H73: 21 | I73: 36 | J73: =H73+I73 -> 57
B74: n_8_50_2 | C74: 9206.34 | D74: 0.37 | E74: 0 | F74: 9206.34 | G74: 0 | H74: 27 | I74: 33 | J74: =H74+I74 -> 60 | L74: w_4_100_4
B75: n_8_50_3 | C75: 8594.07 | D75: 0.7 | E75: 0 | F75: 8594.07 | G75: 0 | H75: 50 | I75: 58 | J75: =H75+I75 -> 108 | L75: Subset Size | M75: 2 | N75: 3 | O75: 4 | P75: 5 | Q75: 6 | R75: 7 | S75: 8 | T75: 9 | U75: 10 | V75: 11 | W75: 12 | X75: 13
B76: n_8_50_4 | C76: 7974.34 | D76: 0.26 | E76: 0 | F76: 7974.34 | G76: 0 | H76: 17 | I76: 38 | J76: =H76+I76 -> 55 | L76: Gap | M76: 46.5 | N76: 31.54 | O76: 20.29 | P76: 11.04 | Q76: 5.17 | R76: 1.8 | S76: 0.52 | T76: 0 | U76: 0 | V76: 0 | W76: 0 | X76: 0
B77: n_8_50_5 | C77: 9201.65 | D77: 0.49 | E77: 1 | F77: 9223.71 | G77: 0.02 | H77: 42 | I77: 56 | J77: =H77+I77 -> 98 | L77: Subset time | M77: 0.94 | N77: 52.98 | O77: 426.2 | P77: 2053.8 | Q77: 6489.41 | R77: 14272.85 | S77: 19711.66 | T77: 14108.54 | U77: 5182.79 | V77: 890.53 | W77: 65.75 | X77: 1.83
B78: n_8_100_1 | C78: 15832.66 | D78: 1.35 | E78: 0 | F78: 15832.66 | G78: 0 | H78: 121 | I78: 210 | J78: =H78+I78 -> 331 | L78: Cumulative | M78: =M77 -> 0.94 | N78: =SUM($M77:N77) -> 53.92 | O78: =SUM($M77:O77) -> 480.12 | P78: =SUM($M77:P77) -> 2533.92 | Q78: =SUM($M77:Q77) -> 9023.33 | R78: =SUM($M77:R77) -> 23296.18 | S78: =SUM($M77:S77) -> 43007.84 | T78: =SUM($M77:T77) -> 57116.38 | U78: =SUM($M77:U77) -> 62299.17 | ... X78: =SUM($M77:X77) -> 63257.28
B79: n_8_100_2 | C79: 16683.82 | D79: 1.6 | E79: 0 | F79: 16683.82 | G79: 0 | H79: 83 | I79: 145 | J79: =H79+I79 -> 228
B80: n_8_100_3 | C80: 18761.4 | D80: 2.11 | E80: 0 | F80: 18761.4 | G80: 0 | H80: 90 | I80: 211 | J80: =H80+I80 -> 301 | L80: w_4_100_5
B81: n_8_100_4 | C81: 16057.05 | D81: 1.18 | E81: 0 | F81: 16057.05 | G81: 0 | H81: 85 | I81: 210 | J81: =H81+I81 -> 295 | L81: Subset Size | M81: 2 | N81: 3 | O81: 4 | P81: 5 | Q81: 6 | R81: 7 | S81: 8 | T81: 9 | U81: 10 | V81: 11 | W81: 12
B82: n_8_100_5 | C82: 17136.07 | D82: 1.78 | E82: 1 | F82: 17158.13 | G82: 0.02 | H82: 123 | I82: 243 | J82: =H82+I82 -> 366 | L82: Gap | M82: 49.11 | N82: 34.16 | O82: 24.01 | P82: 14.53 | Q82: 7.11 | R82: 2.68 | S82: 1.51 | T82: 0.28 | U82: 0 | V82: 0 | W82: 0
B83: w_4_25_1 | C83: 3979.5 | D83: 0.89 | E83: 0 | F83: 3979.5 | G83: 0 | H83: 116 | I83: 29 | J83: =H83+I83 -> 145 | L83: Subset time | M83: 1.18 | N83: 46.7 | O83: 362.92 | P83: 1723.4 | Q83: 5380.44 | R83: 10364.43 | S83: 11735.63 | T83: 5643.63 | U83: 985.97 | V83: 66.49 | W83: 1.58
B84: w_4_25_2 | C84: 3101.33 | D84: 3.24 | E84: 0 | F84: 3101.33 | G84: 0 | H84: 313 | I84: 41 | J84: =H84+I84 -> 354 | L84: Cumulative | M84: =M83 -> 1.18 | N84: =SUM($M83:N83) -> 47.88 | O84: =SUM($M83:O83) -> 410.8 | P84: =SUM($M83:P83) -> 2134.2 | Q84: =SUM($M83:Q83) -> 7514.64 | R84: =SUM($M83:R83) -> 17879.07 | S84: =SUM($M83:S83) -> 29614.7 | T84: =SUM($M83:T83) -> 35258.33 | U84: =SUM($M83:U83) -> 36244.3 | ... W84: =SUM($M83:W83) -> 36312.37
B85: w_4_25_3 | C85: 3152.73 | D85: 1.21 | E85: 0 | F85: 3152.73 | G85: 0 | H85: 121 | I85: 22 | J85: =H85+I85 -> 143
B86: w_4_25_4 | C86: 2624.49 | D86: 3.72 | E86: 0 | F86: 2624.49 | G86: 0 | H86: 416 | I86: 24 | J86: =H86+I86 -> 440
B87: w_4_25_5 | C87: 2541.46 | D87: 3.83 | E87: 0 | F87: 2541.46 | G87: 0 | H87: 318 | I87: 49 | J87: =H87+I87 -> 367
B88: w_4_35_1 | C88: 3852.25 | D88: 9.81 | E88: 0 | F88: 3852.25 | G88: 0 | H88: 1639 | I88: 412 | J88: =H88+I88 -> 2051
B89: w_4_35_2 | C89: 3147.04 | D89: 14.17 | E89: 0 | F89: 3147.04 | G89: 0 | H89: 2807 | I89: 449 | J89: =H89+I89 -> 3256
B90: w_4_35_3 | C90: 4027.81 | D90: 11.81 | E90: 0 | F90: 4027.81 | G90: 0 | H90: 1196 | I90: 199 | J90: =H90+I90 -> 1395
B91: w_4_35_4 | C91: 4180.76 | D91: 10.51 | E91: 0 | F91: 4180.76 | G91: 0 | H91: 1419 | I91: 438 | J91: =H91+I91 -> 1857
B92: w_4_35_5 | C92: 4204.84 | D92: 8.13 | E92: 2 | F92: 4355.89 | G92: 0.69 | H92: 998 | I92: 313 | J92: =H92+I92 -> 1311
B93: w_4_50_1 | C93: 5211.15 | D93: 39.4 | E93: 0 | F93: 5211.15 | G93: 0 | H93: 5341 | I93: 2114 | J93: =H93+I93 -> 7455
B94: w_4_50_2 | C94: 5243.58 | D94: 97.84 | E94: 0 | F94: 5243.58 | G94: 0 | H94: 6606 | I94: 1644 | J94: =H94+I94 -> 8250
B95: w_4_50_3 | C95: 5662.22 | D95: 20.58 | E95: 1 | F95: 5705.57 | G95: 0.59 | H95: 3387 | I95: 1820 | J95: =H95+I95 -> 5207
B96: w_4_50_4 | C96: 4424.79 | D96: 91.4 | E96: 0 | F96: 4424.79 | G96: 0 | H96: 18898 | I96: 4916 | J96: =H96+I96 -> 23814
B97: w_4_50_5 | C97: 4973.27 | D97: 30.48 | E97: 0 | F97: 4973.27 | G97: 0 | H97: 5034 | I97: 1986 | J97: =H97+I97 -> 7020
B98: w_4_100_1 | C98: 8084.85 | D98: =U65 -> 18947.79 | E98: 13 | F98: 8193.86 | G98: 2432.88 | H98: 590453 | I98: 369805 | J98: =H98+I98 -> 960258
B99: w_4_100_2 | C99: 8938.98 | D99: =W71 -> 45051.19 | E99: 12 | F99: 9105.39 | G99: 19139.12 | H99: 841038 | I99: 280746 | J99: =H99+I99 -> 1121784
B100: w_4_100_3 | C100: 9353.43 | D100: 1082.17 | E100: 0 | F100: 9353.43 | G100: 0 | H100: 66617 | I100: 46159 | J100: =H100+I100 -> 112776
B101: w_4_100_4 | C101: 7846.33 | D101: =X78 -> 63257.28 | E101: 4 | F101: 7896.49 | G101: 523.72 | H101: 1399924 | I101: 499164 | J101: =H101+I101 -> 1899088
...

Sheet Sheet2
C7: Without | D7: Routes Checked | E7: With | F7: Routes Checked | G7: Diff
B8: l_4_100_1 | C8: =Sheet1!D18+Sheet1!G18 -> 125.13 | D8: =Sheet1!J18 -> 13106 | E8: 140.43 | F8: =7329+5775 -> 13104 | G8: =D8-F8 -> 2
B9: l_4_100_2 | C9: =Sheet1!D19+Sheet1!G19 -> 521.37 | D9: =Sheet1!J19 -> 31696 | E9: 723.32 | F9: =21792+9899 -> 31691 | G9: =D9-F9 -> 5
B10: l_4_100_3 | C10: =Sheet1!D20+Sheet1!G20 -> 72.99 | D10: =Sheet1!J20 -> 5821 | E10: 80.41 | F10: =3033+2771 -> 5804 | G10: =D10-F10 -> 17
B11: l_4_100_4 | C11: =Sheet1!D21+Sheet1!G21 -> 371.95 | D11: =Sheet1!J21 -> 25727 | E11: 453.75 | F11: =18419+7284 -> 25703 | G11: =D11-F11 -> 24
B12: l_4_100_5 | C12: =Sheet1!D22+Sheet1!G22 -> 231.47 | D12: =Sheet1!J22 -> 15979 | E12: 265.57 | F12: =10014+5847 -> 15861 | G12: =D12-F12 -> 118
B13: w_8_100_1 | C13: =Sheet1!D118+Sheet1!G118 -> 402.87 | D13: =Sheet1!J118 -> 8177 | E13: 868.86 | F13: =4211+2412 -> 6623 | G13: =D13-F13 -> 1554
B14: w_8_100_2 | C14: =Sheet1!D119+Sheet1!G119 -> 68.65 | D14: =Sheet1!J119 -> 2162 | E14: 149.4 | F14: =1104+767 -> 1871 | G14: =D14-F14 -> 291
B15: w_8_100_3 | C15: =Sheet1!D120+Sheet1!G120 -> 48.09 | D15: =Sheet1!J120 -> 3275 | E15: 96.56 | F15: =1713+1396 -> 3109 | G15: =D15-F15 -> 166
B16: w_8_100_4 | C16: =Sheet1!D121+Sheet1!G121 -> 262.7 | D16: =Sheet1!J121 -> 10975 | E16: 419.96 | F16: =5684+3162 -> 8846 | G16: =D16-F16 -> 2129
B17: w_8_100_5 | C17: =Sheet1!D122+Sheet1!G122 -> 98.48 | D17: =Sheet1!J122 -> 7674 | E17: 218.73 | F17: =4406+2734 -> 7140 | G17: =D17-F17 -> 534
B18: n_4_100_1 | C18: =Sheet1!D58+Sheet1!G58 -> 6.43 | D18: =Sheet1!J58 -> 2043 | E18: 8.55 | F18: =1052+991 -> 2043
B19: n_4_100_2 | C19: =Sheet1!D59+Sheet1!G59 -> 40.26 | D19: =Sheet1!J59 -> 6273 | E19: 46.09 | F19: =4452+1821 -> 6273
B20: n_4_100_3 | C20: =Sheet1!D60+Sheet1!G60 -> 7.36 | D20: =Sheet1!J60 -> 1212 | E20: 10.28 | F20: =527+685 -> 1212
B21: n_4_100_4 | C21: =Sheet1!D61+Sheet1!G61 -> 16.48 | D21: =Sheet1!J61 -> 3508 | E21: 19.79 | F21: =2323+1185 -> 3508
B22: n_4_100_5 | C22: =Sheet1!D62+Sheet1!G62 -> 17.14 | D22: =Sheet1!J62 -> 3319 | E22: 21.59 | F22: =1959+1360 -> 3319
C30: Total avg. time with post capacity correction (s) | D30: Avg Subproblems Ran | E30: Subproblem including Capacity Avg. Time (s) | F30: Avg Subproblems Ran
B31: n_4_100 | C31: =AVERAGE(C18:C22) -> 17.534 | D31: =ROUND(AVERAGE(D18:D22),1) -> 3271 | E31: =AVERAGE(E18:E22) -> 21.26 | F31: =ROUND(AVERAGE(F18:F22),1) -> 3271
B32: l_4_100 | C32: =ROUND(AVERAGE(C8:C12),2) -> 264.58 | D32: =ROUND(AVERAGE(D8:D12),1) -> 18465.8 | E32: =ROUND(AVERAGE(E8:E12),2) -> 332.7 | F32: =ROUND(AVERAGE(F8:F12),1) -> 18432.6
B33: w_8_100 | C33: =ROUND(AVERAGE(C13:C17),1) -> 176.2 | D33: =ROUND(AVERAGE(D13:D17),1) -> 6452.6 | E33: =ROUND(AVERAGE(E13:E17),1) -> 350.7 | F33: =ROUND(AVERAGE(F13:F17),1) -> 5517.8
